{
    "connection": {
        "1": [
            "14"
        ],
        "2": [
            "12"
        ],
        "3": [
            "4"
        ],
        "4": [
            "5"
        ],
        "5": [],
        "6": [
            "7"
        ],
        "7": [],
        "8": [
            "9"
        ],
        "9": [],
        "10": [
            "11"
        ],
        "11": [],
        "12": [
            "13"
        ],
        "13": [],
        "14": [
            "3",
            "6",
            "15"
        ],
        "15": [
            "2",
            "8",
            "10"
        ]
    },
    "anno": {
        "/Users/zeqi_school/Downloads/edina/512Frame/frame_16_delay-0.04s.png": {
            "x_range": [
                640,
                1280
            ],
            "y_range": [
                0,
                640
            ],
            "1": [
                541.3777056277054,
                342.04338912633284
            ],
            "2": [
                236.61580086580057,
                310.9286705116142
            ],
            "3": [
                402.8495670995669,
                411.415683498627
            ],
            "4": [
                409.77597402597394,
                440.9070254899693
            ],
            "5": [
                430.55519480519456,
                470.3983674813112
            ],
            "6": [
                444.4080086580084,
                402.92001250295607
            ],
            "7": [
                479.04004329004306,
                442.8009648839088
            ],
            "8": [
                188.1309523809523,
                354.54338912633284
            ],
            "9": [
                132.71969696969677,
                399.61914670209035
            ],
            "10": [
                195.0573593073591,
                351.1884107713545
            ],
            "11": [
                146.5725108225106,
                384.1429562259
            ],
            "12": [
                105.01406926406912,
                292.42217700512083
            ],
            "13": [
                77.30844155844125,
                198.96979605273964
            ],
            "14": [
                388.9967532467531,
                292.53040211334564
            ],
            "15": [
                264.32142857142844,
                283.9265060094499
            ]
        },
        "/Users/zeqi_school/Downloads/edina/512Frame/frame_00_delay-0.04s.png": {
            "x_range": [
                0,
                640
            ],
            "y_range": [
                0,
                640
            ],
            "1": [
                530.9503508506233,
                338.56011565725885
            ],
            "2": [
                259.558559240749,
                259.4546585418061
            ],
            "3": [
                375.8693270735523,
                382.27761780274795
            ],
            "4": [
                388.7927457216415,
                427.61054727924875
            ],
            "5": [
                369.4076177495076,
                456.7387213415436
            ],
            "6": [
                330.63736180523995,
                408.32638351530295
            ],
            "7": [
                304.79052450906136,
                427.7619935915309
            ],
            "8": [
                266.0202685647937,
                353.50281846911184
            ],
            "9": [
                298.32881518501677,
                393.9389838484849
            ],
            "10": [
                246.6351405926598,
                348.80798278836073
            ],
            "11": [
                291.8671058609722,
                382.78243884368885
            ],
            "12": [
                149.70950073199037,
                335.9855283484594
            ],
            "13": [
                85.09240749154412,
                289.1886178532304
            ],
            "14": [
                388.7927457216415,
                292.4699546193465
            ],
            "15": [
                291.8671058609722,
                240.8267621310838
            ]
        },
        "/Users/zeqi_school/Downloads/edina/512Frame/frame_32_delay-0.04s.png": {
            "x_range": [
                1280,
                1920
            ],
            "y_range": [
                1920,
                2560
            ],
            "1": [
                524.7543290043291,
                347.5845146674583
            ],
            "2": [
                254.62445887445892,
                274.9113544942984
            ],
            "3": [
                365.4469696969695,
                382.324774407718
            ],
            "4": [
                372.3733766233763,
                439.52174410468797
            ],
            "5": [
                344.66774891774867,
                448.233865316809
            ],
            "6": [
                351.5941558441559,
                408.46113804408196
            ],
            "7": [
                330.81493506493507,
                455.26849735144106
            ],
            "8": [
                247.69805194805167,
                360.0845146674583
            ],
            "9": [
                254.62445887445892,
                419.01308609602984
            ],
            "10": [
                254.62445887445892,
                363.6559432388872
            ],
            "11": [
                268.4772727272725,
                403.53689561983947
            ],
            "12": [
                129.94913419913382,
                339.52174410468797
            ],
            "13": [
                60.6850649350647,
                308.4070254899693
            ],
            "14": [
                379.29978354978357,
                298.07152765447154
            ],
            "15": [
                282.3300865800866,
                254.8355969185409
            ]
        }
    }
}